Summary,Status,Assignee,Assignee (Email Address),Modified Time,Created Time,Due Date,Task Type,Object URL,Profile Name
Scheduled renewal task for Guest User xiangyu.liu,Waiting for confirmation (Task overdue),Admin ADB,Admin@7rkd12.onmicrosoft.com,2026-08-11 17:34:00,2026-08-08 17:33:54,2026-08-11 17:33:54,Renew Guest User,,DEV-Guest user renew profile
Scheduled renewal task for Site DorisTEST,Waiting for confirmation,Bonnie Test,BonnieTest@7rkd12.onmicrosoft.com,2026-07-30 14:07:42,2026-07-30 14:07:41,2026-08-30 14:07:41,Renew Site,https://7rkd12.sharepoint.com/sites/CWRD_DorisTEST,ADB - SharePoint Site Renewal
Scheduled renewal task for Site DorisTEST,Waiting for confirmation,Admin ADB,Admin@7rkd12.onmicrosoft.com,2026-07-30 14:07:42,2026-07-30 14:07:41,2026-08-30 14:07:41,Renew Site,https://7rkd12.sharepoint.com/sites/CWRD_DorisTEST,ADB - SharePoint Site Renewal
Scheduled renewal task for Guest User Leah Bancale,Waiting for confirmation (Task overdue),Admin ADB,Admin@7rkd12.onmicrosoft.com,2026-07-22 23:10:35,2026-07-19 23:10:34,2026-07-22 23:10:34,Renew Guest User,,DEV-Guest user renew profile
Renewal task for Site TestLink triggered due to workspace inactivity,Canceled,Admin ADB,Admin@7rkd12.onmicrosoft.com,2026-07-05 10:47:02,2026-06-19 10:46:59,2026-07-19 10:46:58,Renew Site,https://7rkd12.sharepoint.com/sites/org_csd_testlink,ADB - SharePoint Site Renewal
Renewal task for Site TestLink triggered due to workspace inactivity,Canceled,Bonnie Test,BonnieTest@7rkd12.onmicrosoft.com,2026-07-05 10:47:02,2026-06-19 10:46:59,2026-07-19 10:46:58,Renew Site,https://7rkd12.sharepoint.com/sites/org_csd_testlink,ADB - SharePoint Site Renewal
Scheduled renewal task for Site R1.3 test site,Waiting for confirmation (Task escalated),Admin ADB,Admin@7rkd12.onmicrosoft.com,2026-08-01 18:41:27,2026-06-18 18:41:04,2026-07-18 18:41:03,Renew Site,https://7rkd12.sharepoint.com/sites/org_csd_1.3testsite,ADB - SharePoint Site Renewal
Scheduled renewal task for Site R1.3 test site,Waiting for confirmation (Task escalated),Bonnie Test,BonnieTest@7rkd12.onmicrosoft.com,2026-08-01 18:41:27,2026-06-18 18:41:04,9999-12-31 23:59:59,Renew Site,https://7rkd12.sharepoint.com/sites/org_csd_1.3testsite,ADB - SharePoint Site Renewal
Renewal task for Site CSD_Demo Division triggered due to workspace inactivity,Canceled,Bonnie Test,BonnieTest@7rkd12.onmicrosoft.com,2026-07-03 15:33:25,2026-06-17 15:33:23,2026-07-17 15:33:23,Renew Site,https://7rkd12.sharepoint.com/sites/CSD_DemoDivision,ADB - SharePoint Site Renewal
Scheduled renewal task for Guest User Bonnie(Admin1),Waiting for confirmation (Task overdue),Admin ADB,Admin@7rkd12.onmicrosoft.com,2026-06-09 18:20:37,2026-06-06 18:20:34,2026-06-09 18:20:34,Renew Guest User,,DEV-Guest user renew profile
Renewal task for Site CSD_Site01 triggered due to workspace inactivity,Canceled,Bonnie Test,BonnieTest@7rkd12.onmicrosoft.com,2026-07-16 16:07:50,2026-06-02 16:07:40,9999-12-31 23:59:59,Renew Site,https://7rkd12.sharepoint.com/sites/CSD_SiteA01,ADB - SharePoint Site Renewal
Renewal task for Site R1.1 site template triggered due to workspace inactivity,Canceled,Admin ADB,Admin@7rkd12.onmicrosoft.com,2026-07-10 18:46:07,2026-05-26 18:45:59,2026-06-26 18:45:58,Renew Site,https://7rkd12.sharepoint.com/sites/R1_1sitetemplate,ADB - SharePoint Site Renewal
Renewal task for Site R1.1 site template triggered due to workspace inactivity,Canceled,Bonnie Test,BonnieTest@7rkd12.onmicrosoft.com,2026-07-10 18:46:07,2026-05-26 18:45:59,9999-12-31 23:59:59,Renew Site,https://7rkd12.sharepoint.com/sites/R1_1sitetemplate,ADB - SharePoint Site Renewal
Scheduled renewal task for Guest User xiangyu.liu,Waiting for confirmation (Task overdue),Admin ADB,Admin@7rkd12.onmicrosoft.com,2026-05-28 10:49:36,2026-05-25 10:49:33,2026-05-28 10:49:33,Renew Guest User,,DEV-Guest user renew profile
Renewal task for Site TestSite01 triggered due to workspace inactivity,Canceled,Admin ADB,Admin@7rkd12.onmicrosoft.com,2026-07-08 12:29:34,2026-05-24 12:29:25,2026-06-24 12:29:24,Renew Site,https://7rkd12.sharepoint.com/sites/org_csd_testsite01,ADB - SharePoint Site Renewal
Renewal task for Site TestSite01 triggered due to workspace inactivity,Canceled,Bonnie Test,BonnieTest@7rkd12.onmicrosoft.com,2026-07-08 12:29:34,2026-05-24 12:29:25,9999-12-31 23:59:59,Renew Site,https://7rkd12.sharepoint.com/sites/org_csd_testsite01,ADB - SharePoint Site Renewal
Renewal task for Site R1.1 site template triggered due to workspace inactivity,Canceled,Admin ADB,Admin@7rkd12.onmicrosoft.com,2026-07-08 11:49:38,2026-05-24 11:49:30,2026-06-24 11:49:30,Renew Site,https://7rkd12.sharepoint.com/sites/org_csd_test093,ADB - SharePoint Site Renewal
Renewal task for Site R1.1 site template triggered due to workspace inactivity,Canceled,Bonnie Test,BonnieTest@7rkd12.onmicrosoft.com,2026-07-08 11:49:38,2026-05-24 11:49:30,9999-12-31 23:59:59,Renew Site,https://7rkd12.sharepoint.com/sites/org_csd_test093,ADB - SharePoint Site Renewal
Renewal task for Site org_csd_test098 triggered due to workspace inactivity,Canceled,Admin ADB,Admin@7rkd12.onmicrosoft.com,2026-07-08 11:47:44,2026-05-24 11:47:36,2026-06-24 11:47:35,Renew Site,https://7rkd12.sharepoint.com/sites/org_csd_test098,ADB - SharePoint Site Renewal
Renewal task for Site org_csd_test098 triggered due to workspace inactivity,Canceled,Bonnie Test,BonnieTest@7rkd12.onmicrosoft.com,2026-07-08 11:47:44,2026-05-24 11:47:36,9999-12-31 23:59:59,Renew Site,https://7rkd12.sharepoint.com/sites/org_csd_test098,ADB - SharePoint Site Renewal
Renewal task for Site org_csd_test092 triggered due to workspace inactivity,Canceled,Admin ADB,Admin@7rkd12.onmicrosoft.com,2026-07-05 12:28:52,2026-05-21 12:28:42,2026-06-21 12:28:42,Renew Site,https://7rkd12.sharepoint.com/sites/org_csd_test092,ADB - SharePoint Site Renewal
Renewal task for Site org_csd_test092 triggered due to workspace inactivity,Canceled,Bonnie Test,BonnieTest@7rkd12.onmicrosoft.com,2026-07-05 12:28:52,2026-05-21 12:28:42,9999-12-31 23:59:59,Renew Site,https://7rkd12.sharepoint.com/sites/org_csd_test092,ADB - SharePoint Site Renewal
Renewal task for Site CSD_DRMDemo41 triggered due to workspace inactivity,Canceled,John Rick D. Navoa,AdaLu@7rkd12.onmicrosoft.com,2026-07-05 11:55:35,2026-05-21 11:55:27,2026-06-21 11:55:26,Renew Site,https://7rkd12.sharepoint.com/sites/CSD_DRMDemo41,ADB - SharePoint Site Renewal
Renewal task for Site CSD_DRMDemo41 triggered due to workspace inactivity,Canceled,Bonnie Test,BonnieTest@7rkd12.onmicrosoft.com,2026-07-05 11:55:35,2026-05-21 11:55:27,9999-12-31 23:59:59,Renew Site,https://7rkd12.sharepoint.com/sites/CSD_DRMDemo41,ADB - SharePoint Site Renewal
Renewal task for Site CSD_BonnieTest1223-1 triggered due to workspace inactivity,Waiting for confirmation,Bonnie Test,BonnieTest@7rkd12.onmicrosoft.com,2026-05-18 16:59:42,2026-05-04 16:59:37,9999-12-31 23:59:59,Renew Site,https://7rkd12.sharepoint.com/sites/csd_000007,CSD Site Renewal
Renewal task for Site [TEST] DRM Backend Site triggered due to workspace inactivity,Waiting for confirmation,Bonnie Test,BonnieTest@7rkd12.onmicrosoft.com,2026-05-18 16:59:20,2026-05-04 16:59:14,9999-12-31 23:59:59,Renew Site,https://7rkd12.sharepoint.com/sites/csd_000008,CSD Site Renewal
Scheduled renewal task for Site grp_csd_sample,Canceled,Savannah Test,Savannah@7rkd12.onmicrosoft.com,2026-08-10 10:33:24,2026-05-01 15:00:13,2026-05-04 15:00:13,Renew Site,https://7rkd12.sharepoint.com/teams/grp_csd_sample,ADB Renewal
Scheduled renewal task for Site grp_csd_sample,Canceled,Leila Test,LeilaTest@7rkd12.onmicrosoft.com,2026-08-10 10:33:24,2026-05-01 15:00:13,2026-05-04 15:00:13,Renew Site,https://7rkd12.sharepoint.com/teams/grp_csd_sample,ADB Renewal
Scheduled renewal task for Site grp_csd_sample,Canceled,Alex Wilber,AlexW@7rkd12.onmicrosoft.com,2026-08-10 10:33:24,2026-05-01 15:00:13,9999-12-31 23:59:59,Renew Site,https://7rkd12.sharepoint.com/teams/grp_csd_sample,ADB Renewal
Renewal task for Site test04 triggered due to workspace inactivity,Waiting for confirmation (Task escalated),Admin ADB,Admin@7rkd12.onmicrosoft.com,2026-05-31 11:18:00,2026-04-17 11:17:35,2026-05-17 11:17:34,Renew Site,https://7rkd12.sharepoint.com/sites/org_csd_test04,ADB - SharePoint Site Renewal
Renewal task for Site test04 triggered due to workspace inactivity,Waiting for confirmation (Task escalated),Bonnie Test,BonnieTest@7rkd12.onmicrosoft.com,2026-05-31 11:18:00,2026-04-17 11:17:35,9999-12-31 23:59:59,Renew Site,https://7rkd12.sharepoint.com/sites/org_csd_test04,ADB - SharePoint Site Renewal
Renewal task for Site org_csd_test097 triggered due to workspace inactivity,Waiting for confirmation (Task escalated),Admin ADB,Admin@7rkd12.onmicrosoft.com,2026-05-30 12:45:59,2026-04-16 12:45:03,2026-05-16 12:45:03,Renew Site,https://7rkd12.sharepoint.com/sites/org_csd_test097,ADB - SharePoint Site Renewal
Renewal task for Site org_csd_test097 triggered due to workspace inactivity,Waiting for confirmation (Task escalated),Bonnie Test,BonnieTest@7rkd12.onmicrosoft.com,2026-05-30 12:45:59,2026-04-16 12:45:03,9999-12-31 23:59:59,Renew Site,https://7rkd12.sharepoint.com/sites/org_csd_test097,ADB - SharePoint Site Renewal
Renewal task for Site org_csd_1.3testsite-people triggered due to workspace inactivity,Waiting for confirmation (Task escalated),Admin ADB,Admin@7rkd12.onmicrosoft.com,2026-05-21 19:38:17,2026-04-07 19:37:18,2026-05-07 19:37:17,Renew Site,https://7rkd12.sharepoint.com/sites/org_csd_1.3testsite-people,ADB - SharePoint Site Renewal
Renewal task for Site org_csd_1.3testsite-people triggered due to workspace inactivity,Waiting for confirmation (Task escalated),Bonnie Test,BonnieTest@7rkd12.onmicrosoft.com,2026-05-21 19:38:17,2026-04-07 19:37:18,9999-12-31 23:59:59,Renew Site,https://7rkd12.sharepoint.com/sites/org_csd_1.3testsite-people,ADB - SharePoint Site Renewal
Renewal task for Site Test_Ryan_Admin triggered due to workspace inactivity,Waiting for confirmation (Task escalated),Bonnie Test,BonnieTest@7rkd12.onmicrosoft.com,2026-04-18 16:52:44,2026-04-04 16:52:25,9999-12-31 23:59:59,Renew Site,https://7rkd12.sharepoint.com/sites/CSD_RyanAdmin,ADB - SharePoint Site Renewal
Scheduled renewal task for Guest User test,Waiting for confirmation (Task overdue),Admin ADB,Admin@7rkd12.onmicrosoft.com,2026-03-30 20:14:07,2026-03-27 20:14:06,2026-03-30 20:14:06,Renew Guest User,,DEV-Guest user renew profile
Scheduled renewal task for Guest User xfpeng,Waiting for confirmation (Task overdue),Admin ADB,Admin@7rkd12.onmicrosoft.com,2026-03-24 16:27:45,2026-03-21 16:27:43,2026-03-24 16:27:43,Renew Guest User,,DEV-Guest user renew profile
Scheduled renewal task for Guest User Doris Han,Waiting for confirmation (Task overdue),Admin ADB,Admin@7rkd12.onmicrosoft.com,2026-03-24 16:14:58,2026-03-21 16:14:56,2026-03-24 16:14:56,Renew Guest User,,DEV-Guest user renew profile
Renewal task for Site Administrative Site Template triggered due to workspace inactivity,Waiting for confirmation (Task escalated),Bonnie Test,BonnieTest@7rkd12.onmicrosoft.com,2026-04-22 18:18:29,2026-03-08 18:18:00,9999-12-31 23:59:59,Renew Site,https://7rkd12.sharepoint.com/sites/AdministrativeSiteTemplate,ADB - SharePoint Site Renewal
Renewal task for Site People Management Site Template triggered due to workspace inactivity,Canceled,Bonnie Test,BonnieTest@7rkd12.onmicrosoft.com,2026-08-03 16:41:02,2026-03-08 17:34:44,9999-12-31 23:59:59,Renew Site,https://7rkd12.sharepoint.com/sites/PeopleManagementSiteTemplate,ADB - SharePoint Site Renewal
Scheduled renewal task for Site traditionalsite02,Canceled,Leila Test,LeilaTest@7rkd12.onmicrosoft.com,2026-03-06 11:28:14,2026-03-06 11:12:19,2026-03-09 11:12:19,Renew Site,https://7rkd12.sharepoint.com/sites/traditionalsite02,escalation- Archive site
Scheduled renewal task for Site traditionalsite02,Canceled,Alex Wilber,AlexW@7rkd12.onmicrosoft.com,2026-03-06 11:28:14,2026-03-06 11:12:19,2026-03-09 11:12:19,Renew Site,https://7rkd12.sharepoint.com/sites/traditionalsite02,escalation- Archive site
Scheduled renewal task for Site traditionalsite02,Canceled,Admin ADB,Admin@7rkd12.onmicrosoft.com,2026-03-06 11:28:14,2026-03-06 11:12:19,9999-12-31 23:59:59,Renew Site,https://7rkd12.sharepoint.com/sites/traditionalsite02,escalation- Archive site
Scheduled renewal task for Site traditionalsite01,Completed,Ryan Test,RyanTest@7rkd12.onmicrosoft.com,2026-03-06 11:11:58,2026-03-06 11:10:34,2026-03-09 11:10:34,Renew Site,https://7rkd12.sharepoint.com/sites/traditionalsite01,escalation- Archive site
Scheduled renewal task for Site traditionalsite01,Completed,Nigel test,Nigeltest@7rkd12.onmicrosoft.com,2026-03-06 11:11:58,2026-03-06 11:10:34,2026-03-09 11:10:34,Renew Site,https://7rkd12.sharepoint.com/sites/traditionalsite01,escalation- Archive site
Scheduled renewal task for Site traditionalsite01,Completed,Logan Test,LoganTest@7rkd12.onmicrosoft.com,2026-03-06 11:11:58,2026-03-06 11:10:34,2026-03-09 11:10:34,Renew Site,https://7rkd12.sharepoint.com/sites/traditionalsite01,escalation- Archive site
Scheduled renewal task for Site traditionalsite01,Completed,Leila Test,LeilaTest@7rkd12.onmicrosoft.com,2026-03-06 11:11:58,2026-03-06 11:10:34,2026-03-09 11:10:34,Renew Site,https://7rkd12.sharepoint.com/sites/traditionalsite01,escalation- Archive site
Scheduled renewal task for Site traditionalsite01,Completed,Leah Test,LeahTest@7rkd12.onmicrosoft.com,2026-03-06 11:11:58,2026-03-06 11:10:34,2026-03-09 11:10:34,Renew Site,https://7rkd12.sharepoint.com/sites/traditionalsite01,escalation- Archive site
Scheduled renewal task for Site traditionalsite01,Completed,John Rick D. Navoa,AdaLu@7rkd12.onmicrosoft.com,2026-03-06 11:11:58,2026-03-06 11:10:34,2026-03-09 11:10:34,Renew Site,https://7rkd12.sharepoint.com/sites/traditionalsite01,escalation- Archive site
Scheduled renewal task for Site traditionalsite01,Completed,HazelTest (Inactive),HazelTest@7rkd12.onmicrosoft.com,2026-03-06 11:11:58,2026-03-06 11:10:34,2026-03-09 11:10:34,Renew Site,https://7rkd12.sharepoint.com/sites/traditionalsite01,escalation- Archive site
Scheduled renewal task for Site traditionalsite01,Completed,Bonnie Test,BonnieTest@7rkd12.onmicrosoft.com,2026-03-06 11:11:58,2026-03-06 11:10:34,2026-03-09 11:10:34,Renew Site,https://7rkd12.sharepoint.com/sites/traditionalsite01,escalation- Archive site
Scheduled renewal task for Site traditionalsite01,Completed,Alex Wilber,AlexW@7rkd12.onmicrosoft.com,2026-03-06 11:11:58,2026-03-06 11:10:34,2026-03-09 11:10:34,Renew Site,https://7rkd12.sharepoint.com/sites/traditionalsite01,escalation- Archive site
Scheduled renewal task for Site traditionalsite01,Completed,Alex Test,AlexTest@7rkd12.onmicrosoft.com,2026-03-06 11:11:58,2026-03-06 11:10:34,2026-03-09 11:10:34,Renew Site,https://7rkd12.sharepoint.com/sites/traditionalsite01,escalation- Archive site
Scheduled renewal task for Site traditionalsite01,Completed,Admin ADB,Admin@7rkd12.onmicrosoft.com,2026-03-06 11:11:58,2026-03-06 11:10:34,2026-03-09 11:10:34,Renew Site,https://7rkd12.sharepoint.com/sites/traditionalsite01,escalation- Archive site
Renewal task for Site Test_Ryan_Admin triggered due to workspace inactivity,Waiting for confirmation (Task escalated),Ryan Test,RyanTest@7rkd12.onmicrosoft.com,2026-04-18 16:52:44,2026-03-04 16:52:15,2026-04-04 16:52:14,Renew Site,https://7rkd12.sharepoint.com/sites/CSD_RyanAdmin,ADB - SharePoint Site Renewal
Renewal task for Site org_csd_test096 triggered due to workspace inactivity,Waiting for confirmation (Task escalated),Admin ADB,Admin@7rkd12.onmicrosoft.com,2026-04-11 17:46:58,2026-02-28 17:46:40,2026-03-28 17:46:39,Renew Site,https://7rkd12.sharepoint.com/sites/org_csd_test096,ADB - SharePoint Site Renewal
Renewal task for Site org_csd_test096 triggered due to workspace inactivity,Waiting for confirmation (Task escalated),Bonnie Test,BonnieTest@7rkd12.onmicrosoft.com,2026-04-11 17:46:58,2026-02-28 17:46:40,9999-12-31 23:59:59,Renew Site,https://7rkd12.sharepoint.com/sites/org_csd_test096,ADB - SharePoint Site Renewal
Renewal task for Site org_csd_test09 triggered due to workspace inactivity,Waiting for confirmation (Task escalated),Admin ADB,Admin@7rkd12.onmicrosoft.com,2026-04-11 17:46:10,2026-02-28 17:45:47,2026-03-28 17:45:46,Renew Site,https://7rkd12.sharepoint.com/sites/org_csd_test09,ADB - SharePoint Site Renewal
Renewal task for Site org_csd_test09 triggered due to workspace inactivity,Waiting for confirmation (Task escalated),Bonnie Test,BonnieTest@7rkd12.onmicrosoft.com,2026-04-11 17:46:10,2026-02-28 17:45:47,9999-12-31 23:59:59,Renew Site,https://7rkd12.sharepoint.com/sites/org_csd_test09,ADB - SharePoint Site Renewal
Renewal task for Site test02 triggered due to workspace inactivity,Waiting for confirmation (Task escalated),Admin ADB,Admin@7rkd12.onmicrosoft.com,2026-04-11 17:44:24,2026-02-28 17:43:59,2026-03-28 17:43:58,Renew Site,https://7rkd12.sharepoint.com/sites/org_csd_test02,ADB - SharePoint Site Renewal
Renewal task for Site test02 triggered due to workspace inactivity,Waiting for confirmation (Task escalated),Bonnie Test,BonnieTest@7rkd12.onmicrosoft.com,2026-04-11 17:44:24,2026-02-28 17:43:59,9999-12-31 23:59:59,Renew Site,https://7rkd12.sharepoint.com/sites/org_csd_test02,ADB - SharePoint Site Renewal
Renewal task for Site test05 triggered due to workspace inactivity,Waiting for confirmation (Task escalated),Admin ADB,Admin@7rkd12.onmicrosoft.com,2026-04-11 17:25:07,2026-02-28 17:24:42,2026-03-28 17:24:41,Renew Site,https://7rkd12.sharepoint.com/sites/org_csd_test05,ADB - SharePoint Site Renewal
Renewal task for Site test05 triggered due to workspace inactivity,Waiting for confirmation (Task escalated),Bonnie Test,BonnieTest@7rkd12.onmicrosoft.com,2026-04-11 17:25:07,2026-02-28 17:24:42,9999-12-31 23:59:59,Renew Site,https://7rkd12.sharepoint.com/sites/org_csd_test05,ADB - SharePoint Site Renewal
Renewal task for Site CSD_ada03 triggered due to workspace inactivity,Waiting for confirmation (Task escalated),Bonnie Test,BonnieTest@7rkd12.onmicrosoft.com,2026-04-08 18:55:36,2026-02-25 18:55:18,9999-12-31 23:59:59,Renew Site,https://7rkd12.sharepoint.com/sites/CSD_ada03,ADB - SharePoint Site Renewal
Renewal task for Site CSD_ada01 triggered due to workspace inactivity,Waiting for confirmation (Task escalated),Bonnie Test,BonnieTest@7rkd12.onmicrosoft.com,2026-04-08 18:55:36,2026-02-25 18:55:09,9999-12-31 23:59:59,Renew Site,https://7rkd12.sharepoint.com/sites/CSD_ada01,ADB - SharePoint Site Renewal
Renewal task for Site test1 triggered due to workspace inactivity,Waiting for confirmation (Task escalated),Bonnie Test,BonnieTest@7rkd12.onmicrosoft.com,2026-04-08 18:23:56,2026-02-25 18:23:30,9999-12-31 23:59:59,Renew Site,https://7rkd12.sharepoint.com/sites/org_csd_adaae,ADB - SharePoint Site Renewal
Renewal task for Site RyanTest250302 triggered due to workspace inactivity,Waiting for confirmation (Task escalated),Bonnie Test,BonnieTest@7rkd12.onmicrosoft.com,2026-03-08 12:00:50,2026-02-22 12:00:33,9999-12-31 23:59:59,Renew Site,https://7rkd12.sharepoint.com/sites/CSD_RyanTest250302,ADB - SharePoint Site Renewal
Scheduled renewal task for Guest User Qiaojun Lu,Waiting for confirmation (Task overdue),Admin ADB,Admin@7rkd12.onmicrosoft.com,2026-02-24 19:15:25,2026-02-21 19:15:24,2026-02-24 19:15:24,Renew Guest User,,DEV-Guest user renew profile
Renewal task for Site test06 triggered due to workspace inactivity,Waiting for confirmation (Task escalated),Admin ADB,Admin@7rkd12.onmicrosoft.com,2026-04-04 17:51:48,2026-02-21 17:45:10,2026-03-21 17:45:09,Renew Site,https://7rkd12.sharepoint.com/sites/org_csd_test06,ADB - SharePoint Site Renewal
Renewal task for Site test06 triggered due to workspace inactivity,Waiting for confirmation (Task escalated),Bonnie Test,BonnieTest@7rkd12.onmicrosoft.com,2026-04-04 17:51:48,2026-02-21 17:45:10,9999-12-31 23:59:59,Renew Site,https://7rkd12.sharepoint.com/sites/org_csd_test06,ADB - SharePoint Site Renewal
Renewal task for Site org_csd_test094 triggered due to workspace inactivity,Waiting for confirmation (Task escalated),Admin ADB,Admin@7rkd12.onmicrosoft.com,2026-04-02 20:12:40,2026-02-19 20:12:10,2026-03-19 20:12:09,Renew Site,https://7rkd12.sharepoint.com/sites/org_csd_test094,ADB - SharePoint Site Renewal
Renewal task for Site org_csd_test094 triggered due to workspace inactivity,Waiting for confirmation (Task escalated),Bonnie Test,BonnieTest@7rkd12.onmicrosoft.com,2026-04-02 20:12:40,2026-02-19 20:12:10,9999-12-31 23:59:59,Renew Site,https://7rkd12.sharepoint.com/sites/org_csd_test094,ADB - SharePoint Site Renewal
Renewal task for Site org_csd_test08 triggered due to workspace inactivity,Waiting for confirmation (Task escalated),Admin ADB,Admin@7rkd12.onmicrosoft.com,2026-04-02 19:08:52,2026-02-19 19:08:34,2026-03-19 19:08:33,Renew Site,https://7rkd12.sharepoint.com/sites/org_csd_test08,ADB - SharePoint Site Renewal
Renewal task for Site org_csd_test08 triggered due to workspace inactivity,Waiting for confirmation (Task escalated),Bonnie Test,BonnieTest@7rkd12.onmicrosoft.com,2026-04-02 19:08:52,2026-02-19 19:08:34,9999-12-31 23:59:59,Renew Site,https://7rkd12.sharepoint.com/sites/org_csd_test08,ADB - SharePoint Site Renewal
Renewal task for Site org_csd_test07 triggered due to workspace inactivity,Waiting for confirmation (Task escalated),Admin ADB,Admin@7rkd12.onmicrosoft.com,2026-04-02 19:08:52,2026-02-19 19:08:28,2026-03-19 19:08:27,Renew Site,https://7rkd12.sharepoint.com/sites/org_csd_test07,ADB - SharePoint Site Renewal
Renewal task for Site org_csd_test07 triggered due to workspace inactivity,Waiting for confirmation (Task escalated),Bonnie Test,BonnieTest@7rkd12.onmicrosoft.com,2026-04-02 19:08:52,2026-02-19 19:08:28,9999-12-31 23:59:59,Renew Site,https://7rkd12.sharepoint.com/sites/org_csd_test07,ADB - SharePoint Site Renewal
Renewal task for Site test03 triggered due to workspace inactivity,Waiting for confirmation (Task escalated),Admin ADB,Admin@7rkd12.onmicrosoft.com,2026-04-02 18:49:33,2026-02-19 18:49:07,2026-03-19 18:49:06,Renew Site,https://7rkd12.sharepoint.com/sites/org_csd_test03,ADB - SharePoint Site Renewal
Renewal task for Site test03 triggered due to workspace inactivity,Waiting for confirmation (Task escalated),Bonnie Test,BonnieTest@7rkd12.onmicrosoft.com,2026-04-02 18:49:33,2026-02-19 18:49:07,9999-12-31 23:59:59,Renew Site,https://7rkd12.sharepoint.com/sites/org_csd_test03,ADB - SharePoint Site Renewal
Renewal task for Site org_csd_test095 triggered due to workspace inactivity,Waiting for confirmation (Task escalated),Admin ADB,Admin@7rkd12.onmicrosoft.com,2026-04-02 12:19:05,2026-02-19 12:18:37,2026-03-19 12:18:36,Renew Site,https://7rkd12.sharepoint.com/sites/org_csd_test095,ADB - SharePoint Site Renewal
Renewal task for Site org_csd_test095 triggered due to workspace inactivity,Waiting for confirmation (Task escalated),Bonnie Test,BonnieTest@7rkd12.onmicrosoft.com,2026-04-02 12:19:05,2026-02-19 12:18:37,9999-12-31 23:59:59,Renew Site,https://7rkd12.sharepoint.com/sites/org_csd_test095,ADB - SharePoint Site Renewal
Scheduled renewal task for Site R1.3 test site,Submitted,Admin ADB,Admin@7rkd12.onmicrosoft.com,2026-02-04 12:36:38,2026-02-04 11:00:12,2026-03-04 11:00:12,Renew Site,https://7rkd12.sharepoint.com/sites/org_csd_1.3testsite,ADB - SharePoint Site Renewal
Scheduled renewal task for Site R1.3 test site,Submitted,Bonnie Test,BonnieTest@7rkd12.onmicrosoft.com,2026-02-04 12:36:38,2026-02-04 11:00:12,2026-03-04 11:00:12,Renew Site,https://7rkd12.sharepoint.com/sites/org_csd_1.3testsite,ADB - SharePoint Site Renewal
Scheduled renewal task for Site app_edrms_data,Canceled,John Rick D. Navoa,AdaLu@7rkd12.onmicrosoft.com,2026-03-17 12:05:51,2026-02-02 17:08:31,2026-03-02 17:08:31,Renew Site,https://7rkd12.sharepoint.com/sites/app_edrms_data,ADB - SharePoint Site Renewal
Scheduled renewal task for Site app_edrms_data,Canceled,Bonnie Test,BonnieTest@7rkd12.onmicrosoft.com,2026-03-17 12:05:51,2026-02-02 17:08:31,9999-12-31 23:59:59,Renew Site,https://7rkd12.sharepoint.com/sites/app_edrms_data,ADB - SharePoint Site Renewal
Renewal task for Site Duckyduck_Test_DivSite triggered due to workspace inactivity,Waiting for confirmation (Task escalated),Bonnie Test,BonnieTest@7rkd12.onmicrosoft.com,2026-02-07 16:11:58,2026-01-24 16:11:38,9999-12-31 23:59:59,Renew Site,https://7rkd12.sharepoint.com/sites/CSD_Duck_Test,ADB - SharePoint Site Renewal
Renewal task for Site Test_Ryan_Division triggered due to workspace inactivity,Waiting for confirmation (Task escalated),Bonnie Test,BonnieTest@7rkd12.onmicrosoft.com,2026-02-06 19:48:26,2026-01-23 19:48:09,9999-12-31 23:59:59,Renew Site,https://7rkd12.sharepoint.com/sites/CSD_RyanDiv,ADB - SharePoint Site Renewal
Renewal task for Site RyanTest250302 triggered due to workspace inactivity,Waiting for confirmation (Task escalated),Ryan Test,RyanTest@7rkd12.onmicrosoft.com,2026-03-08 12:00:50,2026-01-22 12:00:29,2026-02-22 12:00:28,Renew Site,https://7rkd12.sharepoint.com/sites/CSD_RyanTest250302,ADB - SharePoint Site Renewal
Scheduled renewal task for Site R1.3 test site,Canceled,Admin ADB,Admin@7rkd12.onmicrosoft.com,2026-02-02 16:47:40,2026-01-20 22:56:45,2026-02-20 22:56:44,Renew Site,https://7rkd12.sharepoint.com/sites/org_csd_1.3testsite,ADB - SharePoint Site Renewal
Scheduled renewal task for Site R1.3 test site,Canceled,Bonnie Test,BonnieTest@7rkd12.onmicrosoft.com,2026-02-02 16:47:40,2026-01-20 22:56:45,2026-02-20 22:56:44,Renew Site,https://7rkd12.sharepoint.com/sites/org_csd_1.3testsite,ADB - SharePoint Site Renewal
Renewal task for Site doris530listexperience triggered due to workspace inactivity,Canceled,Admin ADB,Admin@7rkd12.onmicrosoft.com,2026-02-02 16:47:45,2026-01-16 18:42:51,2026-02-16 18:42:51,Renew Site,https://7rkd12.sharepoint.com/sites/org_csd_doris530listexperience,ADB - SharePoint Site Renewal
Renewal task for Site Whatever triggered due to workspace inactivity,Waiting for confirmation (Task escalated),Bonnie Test,BonnieTest@7rkd12.onmicrosoft.com,2026-01-27 18:30:58,2026-01-13 18:30:36,9999-12-31 23:59:59,Renew Site,https://7rkd12.sharepoint.com/sites/org_csd_whatever,ADB - SharePoint Site Renewal
Renewal task for Site apptest triggered due to workspace inactivity,Waiting for confirmation (Task escalated),Bonnie Test,BonnieTest@7rkd12.onmicrosoft.com,2026-01-24 21:50:46,2026-01-10 21:50:25,9999-12-31 23:59:59,Renew Site,https://7rkd12.sharepoint.com/sites/SARD_apptest,ADB - SharePoint Site Renewal
Renewal task for Site Test_RyanAdmin triggered due to workspace inactivity,Waiting for confirmation (Task escalated),Bonnie Test,BonnieTest@7rkd12.onmicrosoft.com,2026-01-11 19:23:55,2025-12-28 19:23:35,9999-12-31 23:59:59,Renew Site,https://7rkd12.sharepoint.com/sites/CSD_Test_TRA_Admin,ADB - SharePoint Site Renewal
Renewal task for Site CSD_HotfixR11 triggered due to workspace inactivity,Waiting for confirmation (Task escalated),Bonnie Test,BonnieTest@7rkd12.onmicrosoft.com,2026-02-09 10:44:56,2025-12-26 10:44:32,9999-12-31 23:59:59,Renew Site,https://7rkd12.sharepoint.com/sites/CSD_HotfixR11,ADB - SharePoint Site Renewal
Renewal task for Site Demo -623 triggered due to workspace inactivity,Canceled,Admin ADB,Admin@7rkd12.onmicrosoft.com,2026-02-02 16:47:51,2025-12-25 10:43:50,2026-01-25 10:43:50,Renew Site,https://7rkd12.sharepoint.com/sites/org_csd_demo-623,ADB - SharePoint Site Renewal
Renewal task for Site Demo -623 triggered due to workspace inactivity,Canceled,Bonnie Test,BonnieTest@7rkd12.onmicrosoft.com,2026-02-02 16:47:51,2025-12-25 10:43:50,9999-12-31 23:59:59,Renew Site,https://7rkd12.sharepoint.com/sites/org_csd_demo-623,ADB - SharePoint Site Renewal
Renewal task for Site Test1 triggered due to workspace inactivity,Waiting for confirmation (Task escalated),Bonnie Test,BonnieTest@7rkd12.onmicrosoft.com,2026-02-07 20:42:07,2025-12-24 20:41:33,9999-12-31 23:59:59,Renew Site,https://7rkd12.sharepoint.com/sites/org_csd_test1,ADB - SharePoint Site Renewal
Renewal task for Site Duckyduck_Test_DivSite triggered due to workspace inactivity,Waiting for confirmation (Task escalated),ADBDRM Test01,ADBDRMTest01@7rkd12.onmicrosoft.com,2026-02-07 16:11:58,2025-12-24 16:11:30,2026-01-24 16:11:29,Renew Site,https://7rkd12.sharepoint.com/sites/CSD_Duck_Test,ADB - SharePoint Site Renewal
Scheduled renewal task for Site Policies-Demo,Waiting for confirmation (Task escalated),Bonnie Test,BonnieTest@7rkd12.onmicrosoft.com,2026-01-07 15:22:48,2025-12-24 15:22:29,9999-12-31 23:59:59,Renew Site,https://7rkd12.sharepoint.com/sites/Policies-Demo,ADB - SharePoint Site Renewal
Renewal task for Site Test_Ryan_Division triggered due to workspace inactivity,Waiting for confirmation (Task escalated),Ryan Test,RyanTest@7rkd12.onmicrosoft.com,2026-02-06 19:48:26,2025-12-23 19:48:02,2026-01-23 19:48:01,Renew Site,https://7rkd12.sharepoint.com/sites/CSD_RyanDiv,ADB - SharePoint Site Renewal
Renewal task for Site TestSite03 triggered due to workspace inactivity,Canceled,Admin ADB,Admin@7rkd12.onmicrosoft.com,2026-02-02 16:47:32,2025-12-16 15:13:00,2026-01-16 15:12:59,Renew Site,https://7rkd12.sharepoint.com/sites/org_csd_testsite03,ADB - SharePoint Site Renewal
Renewal task for Site TestSite03 triggered due to workspace inactivity,Canceled,Bonnie Test,BonnieTest@7rkd12.onmicrosoft.com,2026-02-02 16:47:32,2025-12-16 15:13:00,9999-12-31 23:59:59,Renew Site,https://7rkd12.sharepoint.com/sites/org_csd_testsite03,ADB - SharePoint Site Renewal
Renewal task for Site Whatever triggered due to workspace inactivity,Waiting for confirmation (Task escalated),Leah Test,LeahTest@7rkd12.onmicrosoft.com,2026-01-27 18:30:58,2025-12-13 18:30:27,2026-01-13 18:30:26,Renew Site,https://7rkd12.sharepoint.com/sites/org_csd_whatever,ADB - SharePoint Site Renewal
Renewal task for Site Whatever triggered due to workspace inactivity,Waiting for confirmation (Task escalated),Nigel test,Nigeltest@7rkd12.onmicrosoft.com,2026-01-27 18:30:58,2025-12-13 18:30:27,2026-01-13 18:30:26,Renew Site,https://7rkd12.sharepoint.com/sites/org_csd_whatever,ADB - SharePoint Site Renewal
Renewal task for Site apptest triggered due to workspace inactivity,Waiting for confirmation (Task escalated),Alex Wilber,AlexW@7rkd12.onmicrosoft.com,2026-01-24 21:50:46,2025-12-10 21:50:17,2026-01-10 21:50:17,Renew Site,https://7rkd12.sharepoint.com/sites/SARD_apptest,ADB - SharePoint Site Renewal
Scheduled renewal task for Guest User Bonnie(Admin1),Canceled,Admin ADB,Admin@7rkd12.onmicrosoft.com,2026-06-06 18:20:32,2025-12-08 18:20:35,2025-12-11 18:20:35,Renew Guest User,,DEV-Guest user renew profile
Renewal task for Site TestSite02 triggered due to workspace inactivity,Waiting for confirmation (Task escalated),ADB DRM Guest,,2026-01-19 15:58:34,2025-12-05 15:58:04,2026-01-05 15:58:03,Renew Site,https://7rkd12.sharepoint.com/sites/org_csd_testsite02,ADB - SharePoint Site Renewal
Renewal task for Site TestSite02 triggered due to workspace inactivity,Waiting for confirmation (Task escalated),Bonnie Test,BonnieTest@7rkd12.onmicrosoft.com,2026-01-19 15:58:34,2025-12-05 15:58:04,9999-12-31 23:59:59,Renew Site,https://7rkd12.sharepoint.com/sites/org_csd_testsite02,ADB - SharePoint Site Renewal
Renewal task for Site Wednesday-People triggered due to workspace inactivity,Waiting for confirmation (Task escalated),Bonnie Test,BonnieTest@7rkd12.onmicrosoft.com,2025-12-16 19:20:05,2025-12-02 19:19:47,9999-12-31 23:59:59,Renew Site,https://7rkd12.sharepoint.com/sites/CSD_Wednesday-People,ADB - SharePoint Site Renewal
Renewal task for Site Ada Test triggered due to workspace inactivity,Waiting for confirmation (Task escalated),Bonnie Test,BonnieTest@7rkd12.onmicrosoft.com,2026-01-12 10:36:10,2025-11-29 10:35:47,9999-12-31 23:59:59,Renew Site,https://7rkd12.sharepoint.com/sites/CSD_AdaTest,ADB - SharePoint Site Renewal
Renewal task for Site Test_RyanAdmin triggered due to workspace inactivity,Waiting for confirmation (Task escalated),ADBDRM Test03,,2026-01-11 19:23:55,2025-11-28 19:23:24,2025-12-28 19:23:23,Renew Site,https://7rkd12.sharepoint.com/sites/CSD_Test_TRA_Admin,ADB - SharePoint Site Renewal
Renewal task for Site ADB DRM Demo Test People Site triggered due to workspace inactivity,Waiting for confirmation (Task escalated),Bonnie Test,BonnieTest@7rkd12.onmicrosoft.com,2025-12-10 11:21:09,2025-11-26 11:20:50,9999-12-31 23:59:59,Renew Site,https://7rkd12.sharepoint.com/sites/CSD_DemoPeopleSite,ADB - SharePoint Site Renewal
Renewal task for Site CSD_Demo People triggered due to workspace inactivity,Waiting for confirmation (Task escalated),Bonnie Test,BonnieTest@7rkd12.onmicrosoft.com,2026-01-09 11:18:09,2025-11-26 11:17:42,9999-12-31 23:59:59,Renew Site,https://7rkd12.sharepoint.com/sites/CSD_DemoPeople,ADB - SharePoint Site Renewal
Scheduled renewal task for Guest User xiangyu.liu,Canceled,Admin ADB,Admin@7rkd12.onmicrosoft.com,2026-05-25 10:49:30,2025-11-26 10:49:31,2025-11-29 10:49:31,Renew Guest User,,DEV-Guest user renew profile
Renewal task for Site ADB DRM Demo Test Admin Site triggered due to workspace inactivity,Waiting for confirmation (Task escalated),Bonnie Test,BonnieTest@7rkd12.onmicrosoft.com,2025-12-08 12:36:18,2025-11-24 12:36:03,9999-12-31 23:59:59,Renew Site,https://7rkd12.sharepoint.com/sites/CSD_DemoAdminSite,ADB - SharePoint Site Renewal
"ワークスペースの非アクティブによってトリガーされた サイト コレクション ""Test_Angee_People"" の内容変更タスク",Waiting for confirmation (Task escalated),Bonnie Test,BonnieTest@7rkd12.onmicrosoft.com,2025-11-26 03:51:13,2025-11-12 03:50:50,9999-12-31 23:59:59,Renew Site,https://7rkd12.sharepoint.com/sites/CSD_TAP,ADB - SharePoint Site Renewal
"ワークスペースの非アクティブによってトリガーされた サイト コレクション ""Test_Ryan_People"" の内容変更タスク",Waiting for confirmation (Task escalated),Bonnie Test,BonnieTest@7rkd12.onmicrosoft.com,2025-11-25 17:13:51,2025-11-11 17:13:33,9999-12-31 23:59:59,Renew Site,https://7rkd12.sharepoint.com/sites/CSD_RyanPeople,ADB - SharePoint Site Renewal
"ワークスペースの非アクティブによってトリガーされた サイト コレクション ""DRM-DIVSITE-Jas"" の内容変更タスク",Waiting for confirmation (Task escalated),Bonnie Test,BonnieTest@7rkd12.onmicrosoft.com,2025-11-22 15:50:54,2025-11-08 15:50:31,9999-12-31 23:59:59,Renew Site,https://7rkd12.sharepoint.com/sites/CSD_DivSiteJas,ADB - SharePoint Site Renewal
"ワークスペースの非アクティブによってトリガーされた サイト コレクション ""IT Governance and Compliance"" の内容変更タスク",Waiting for confirmation (Task escalated),Bonnie Test,BonnieTest@7rkd12.onmicrosoft.com,2025-11-22 14:18:11,2025-11-08 14:17:34,9999-12-31 23:59:59,Renew Site,https://7rkd12.sharepoint.com/sites/CSD_IT_Gov-Compl,ADB - SharePoint Site Renewal
"ワークスペースの非アクティブによってトリガーされた サイト コレクション ""ADB DRM Demo Test Division Site"" の内容変更タスク",Waiting for confirmation (Task escalated),Bonnie Test,BonnieTest@7rkd12.onmicrosoft.com,2025-11-17 18:57:23,2025-11-03 18:57:01,9999-12-31 23:59:59,Renew Site,https://7rkd12.sharepoint.com/sites/CSD_DemoDivisionSite,ADB - SharePoint Site Renewal
"ワークスペースの非アクティブによってトリガーされた サイト コレクション ""CSD_DemoPeopleSite01"" の内容変更タスク",Waiting for confirmation (Task escalated),Bonnie Test,BonnieTest@7rkd12.onmicrosoft.com,2025-12-16 19:11:42,2025-11-02 19:10:58,9999-12-31 23:59:59,Renew Site,https://7rkd12.sharepoint.com/sites/CSD_DemoPeopleSite01,ADB - SharePoint Site Renewal
"ワークスペースの非アクティブによってトリガーされた サイト コレクション ""CSD_Site01"" の内容変更タスク",Canceled,Bonnie Test,BonnieTest@7rkd12.onmicrosoft.com,2025-12-02 19:07:52,2025-11-02 19:07:50,2025-12-02 19:07:49,Renew Site,https://7rkd12.sharepoint.com/sites/CSD_SiteA01,ADB - SharePoint Site Renewal
"Microsoft Team ""BonnieTeam2"" のスケジュール内容変更タスク",Waiting for confirmation,Bonnie Test,BonnieTest@7rkd12.onmicrosoft.com,2025-11-15 17:54:42,2025-11-01 17:54:33,9999-12-31 23:59:59,Renew Microsoft Team,https://7rkd12.sharepoint.com/sites/BonnieTeam2,Teams Renewal
"Microsoft Team ""BonnieTeam1"" のスケジュール内容変更タスク",Waiting for confirmation,Bonnie Test,BonnieTest@7rkd12.onmicrosoft.com,2025-11-15 16:34:20,2025-11-01 16:34:13,9999-12-31 23:59:59,Renew Microsoft Team,https://7rkd12.sharepoint.com/sites/BonnieTeam1,Teams Renewal
Shared Channel1,Waiting for confirmation (Task overdue),Bonnie Test,BonnieTest@7rkd12.onmicrosoft.com,2025-11-15 16:34:11,2025-11-01 16:34:11,2025-11-15 16:34:11,Renew Shared Channel,https://7rkd12.sharepoint.com/sites/BonnieTeam1-SharedChannel1,Teams Renewal
Private Channel1,Waiting for confirmation (Task overdue),Bonnie Test,BonnieTest@7rkd12.onmicrosoft.com,2025-11-15 16:34:11,2025-11-01 16:34:10,2025-11-15 16:34:10,Renew Private Channel,https://7rkd12.sharepoint.com/sites/BonnieTeam1-PrivateChannel1,Teams Renewal
"ワークスペースの非アクティブによってトリガーされた サイト コレクション ""IT Operations"" の内容変更タスク",Waiting for confirmation (Task escalated),Bonnie Test,BonnieTest@7rkd12.onmicrosoft.com,2025-11-10 22:33:21,2025-10-27 22:32:55,9999-12-31 23:59:59,Renew Site,https://7rkd12.sharepoint.com/sites/CSD_ITOp_1,ADB - SharePoint Site Renewal
Renewal task for Site ADB DRM Demo Test People Site triggered due to workspace inactivity,Waiting for confirmation (Task escalated),ADBDRM Test07,,2025-12-10 11:21:09,2025-10-26 11:20:44,2025-11-26 11:20:43,Renew Site,https://7rkd12.sharepoint.com/sites/CSD_DemoPeopleSite,ADB - SharePoint Site Renewal
"ワークスペースの非アクティブによってトリガーされた サイト コレクション ""Blank Site Template"" の内容変更タスク",Canceled,Bonnie Test,BonnieTest@7rkd12.onmicrosoft.com,2026-02-05 12:16:04,2025-10-25 23:57:25,9999-12-31 23:59:59,Renew Site,https://7rkd12.sharepoint.com/sites/BlankSiteTemplate,ADB - SharePoint Site Renewal
"ワークスペースの非アクティブによってトリガーされた サイト コレクション "" ADB DRM Demo Test Admin Site 02"" の内容変更タスク",Waiting for confirmation (Task escalated),Bonnie Test,BonnieTest@7rkd12.onmicrosoft.com,2025-11-07 20:14:45,2025-10-24 20:14:21,9999-12-31 23:59:59,Renew Site,https://7rkd12.sharepoint.com/sites/CSD_DemoAdminSite02,ADB - SharePoint Site Renewal
Renewal task for Site ADB DRM Demo Test Admin Site triggered due to workspace inactivity,Waiting for confirmation (Task escalated),ADBDRM Test01,ADBDRMTest01@7rkd12.onmicrosoft.com,2025-12-08 12:36:18,2025-10-24 12:35:58,2025-11-24 12:35:57,Renew Site,https://7rkd12.sharepoint.com/sites/CSD_DemoAdminSite,ADB - SharePoint Site Renewal
"ワークスペースの非アクティブによってトリガーされた サイト コレクション "" ADB DRM Demo Test People Site 02"" の内容変更タスク",Waiting for confirmation (Task escalated),Bonnie Test,BonnieTest@7rkd12.onmicrosoft.com,2025-11-06 16:29:52,2025-10-23 16:29:34,9999-12-31 23:59:59,Renew Site,https://7rkd12.sharepoint.com/sites/CSD_DemoPeopleSite02,ADB - SharePoint Site Renewal
Tâche de renouvellement pour Collection de sites CSD AdminSite Jas déclenchée en raison de l'inactivité de l'espace de travail,Waiting for confirmation (Task escalated),Bonnie Test,BonnieTest@7rkd12.onmicrosoft.com,2025-11-04 16:59:13,2025-10-21 16:58:50,9999-12-31 23:59:59,Renew Site,https://7rkd12.sharepoint.com/sites/CSD_DRM_AdminSite_JP,ADB - SharePoint Site Renewal
Renewal task for Site RyanTest250301 triggered due to workspace inactivity,Waiting for confirmation (Task escalated),Bonnie Test,BonnieTest@7rkd12.onmicrosoft.com,2025-11-01 15:40:23,2025-10-18 15:40:06,9999-12-31 23:59:59,Renew Site,https://7rkd12.sharepoint.com/sites/CSD_RyanTest250301,ADB - SharePoint Site Renewal
Renewal task for Site test01 triggered due to workspace inactivity,Canceled,Bonnie Test,BonnieTest@7rkd12.onmicrosoft.com,2026-02-02 17:07:16,2025-10-17 16:51:33,9999-12-31 23:59:59,Renew Site,https://7rkd12.sharepoint.com/sites/CSD_test01,ADB - SharePoint Site Renewal
Renewal task for Site UAT-Empty triggered due to workspace inactivity,Waiting for confirmation (Task escalated),Bonnie Test,BonnieTest@7rkd12.onmicrosoft.com,2025-10-30 19:10:48,2025-10-16 19:10:32,9999-12-31 23:59:59,Renew Site,https://7rkd12.sharepoint.com/sites/CSD_UAT-Empty,ADB - SharePoint Site Renewal
Renewal task for Site UATTEST1 triggered due to workspace inactivity,Waiting for confirmation (Task escalated),Bonnie Test,BonnieTest@7rkd12.onmicrosoft.com,2025-10-30 19:10:28,2025-10-16 19:10:04,9999-12-31 23:59:59,Renew Site,https://7rkd12.sharepoint.com/sites/CSD_UATTEST1,ADB - SharePoint Site Renewal
Renewal task for Site Test_Angee_People triggered due to workspace inactivity,Waiting for confirmation (Task escalated),ADBDRM Test04,ADBDRMTest04@7rkd12.onmicrosoft.com,2025-11-26 03:51:13,2025-10-12 03:50:45,2025-11-12 03:50:45,Renew Site,https://7rkd12.sharepoint.com/sites/CSD_TAP,ADB - SharePoint Site Renewal
Renewal task for Site Test_Ryan_People triggered due to workspace inactivity,Waiting for confirmation (Task escalated),Ryan Test,RyanTest@7rkd12.onmicrosoft.com,2025-11-25 17:13:51,2025-10-11 17:13:26,2025-11-11 17:13:25,Renew Site,https://7rkd12.sharepoint.com/sites/CSD_RyanPeople,ADB - SharePoint Site Renewal
Renewal task for Site DRM-DIVSITE-Jas triggered due to workspace inactivity,Waiting for confirmation (Task escalated),ADBDRM Test05,ADBDRMTest05@7rkd12.onmicrosoft.com,2025-11-22 15:50:54,2025-10-08 15:50:27,2025-11-08 15:50:26,Renew Site,https://7rkd12.sharepoint.com/sites/CSD_DivSiteJas,ADB - SharePoint Site Renewal
Renewal task for Site IT Governance and Compliance triggered due to workspace inactivity,Waiting for confirmation (Task escalated),ADB DRM Guest,,2025-11-22 14:18:11,2025-10-08 14:17:25,2025-11-08 14:17:25,Renew Site,https://7rkd12.sharepoint.com/sites/CSD_IT_Gov-Compl,ADB - SharePoint Site Renewal
Renewal task for Site CSD_qjlu_ada13 triggered due to workspace inactivity,Waiting for confirmation (Task escalated),Bonnie Test,BonnieTest@7rkd12.onmicrosoft.com,2025-11-21 16:23:09,2025-10-07 16:22:34,9999-12-31 23:59:59,Renew Site,https://7rkd12.sharepoint.com/sites/CSD_qjlu_ada13,ADB - SharePoint Site Renewal
Renewal task for Site CSD_qjlu_ada12 triggered due to workspace inactivity,Waiting for confirmation (Task escalated),Bonnie Test,BonnieTest@7rkd12.onmicrosoft.com,2025-11-21 14:59:18,2025-10-07 14:58:50,9999-12-31 23:59:59,Renew Site,https://7rkd12.sharepoint.com/sites/CSD_qjlu_ada12,ADB - SharePoint Site Renewal
Renewal task for Site UATTEST triggered due to workspace inactivity,Waiting for confirmation (Task escalated),Bonnie Test,BonnieTest@7rkd12.onmicrosoft.com,2025-11-21 13:08:45,2025-10-07 13:08:15,9999-12-31 23:59:59,Renew Site,https://7rkd12.sharepoint.com/sites/CSD_ada06,ADB - SharePoint Site Renewal
Renewal task for Site ADB DRM Demo Test Division Site triggered due to workspace inactivity,Waiting for confirmation (Task escalated),Ryan Test,RyanTest@7rkd12.onmicrosoft.com,2025-11-17 18:57:23,2025-10-03 18:56:56,2025-11-03 18:56:55,Renew Site,https://7rkd12.sharepoint.com/sites/CSD_DemoDivisionSite,ADB - SharePoint Site Renewal
Renewal task for Site Deploy CSD_UATTEST_2 triggered due to workspace inactivity,Waiting for confirmation (Task escalated),Bonnie Test,BonnieTest@7rkd12.onmicrosoft.com,2025-11-16 16:09:46,2025-10-02 16:09:20,9999-12-31 23:59:59,Renew Site,https://7rkd12.sharepoint.com/sites/CSD_DeployCSD_UATTEST_2,ADB - SharePoint Site Renewal
Scheduled renewal task for Security group GAOTEST,Waiting for confirmation,Admin ADB,Admin@7rkd12.onmicrosoft.com,2025-10-03 16:47:01,2025-10-01 16:47:00,9999-12-31 23:59:59,Renew Security Group,,Group Renewal
Scheduled renewal task for Guest User test,Canceled,Admin ADB,Admin@7rkd12.onmicrosoft.com,2026-03-27 20:14:06,2025-09-28 20:14:08,2025-10-01 20:14:08,Renew Guest User,,DEV-Guest user renew profile
Renewal task for Site IT Operations triggered due to workspace inactivity,Waiting for confirmation (Task escalated),ADB DRM Guest,,2025-11-10 22:33:21,2025-09-27 22:32:51,2025-10-27 22:32:50,Renew Site,https://7rkd12.sharepoint.com/sites/CSD_ITOp_1,ADB - SharePoint Site Renewal
Renewal task for Site  ADB DRM Demo Test Admin Site 02 triggered due to workspace inactivity,Waiting for confirmation (Task escalated),ADBDRM Test06,ADBDRMTest06@7rkd12.onmicrosoft.com,2025-11-07 20:14:45,2025-09-24 20:14:16,2025-10-24 20:14:15,Renew Site,https://7rkd12.sharepoint.com/sites/CSD_DemoAdminSite02,ADB - SharePoint Site Renewal
Renewal task for Site  ADB DRM Demo Test People Site 02 triggered due to workspace inactivity,Waiting for confirmation (Task escalated),ADBDRM Test02,ADBDRMTest02@7rkd12.onmicrosoft.com,2025-11-06 16:29:52,2025-09-23 16:29:27,2025-10-23 16:29:27,Renew Site,https://7rkd12.sharepoint.com/sites/CSD_DemoPeopleSite02,ADB - SharePoint Site Renewal
Scheduled renewal task for Guest User xfpeng,Canceled,Admin ADB,Admin@7rkd12.onmicrosoft.com,2026-03-21 16:27:40,2025-09-22 16:27:41,2025-09-25 16:27:41,Renew Guest User,,DEV-Guest user renew profile
Scheduled renewal task for Guest User Doris Han,Canceled,Admin ADB,Admin@7rkd12.onmicrosoft.com,2026-03-21 16:14:54,2025-09-22 16:15:01,2025-09-25 16:15:01,Renew Guest User,,DEV-Guest user renew profile
Renewal task for Site CSD AdminSite Jas triggered due to workspace inactivity,Waiting for confirmation (Task escalated),ADBDRM Test03,,2025-11-04 16:59:13,2025-09-21 16:58:43,2025-10-21 16:58:42,Renew Site,https://7rkd12.sharepoint.com/sites/CSD_DRM_AdminSite_JP,ADB - SharePoint Site Renewal
Renewal task for Site CSD AdminSite Jas triggered due to workspace inactivity,Waiting for confirmation (Task escalated),ADBDRM Test02,ADBDRMTest02@7rkd12.onmicrosoft.com,2025-11-04 16:59:13,2025-09-21 16:58:43,2025-10-21 16:58:42,Renew Site,https://7rkd12.sharepoint.com/sites/CSD_DRM_AdminSite_JP,ADB - SharePoint Site Renewal
Renewal task for Site RyanTest250301 triggered due to workspace inactivity,Waiting for confirmation (Task escalated),Leah Test,LeahTest@7rkd12.onmicrosoft.com,2025-11-01 15:40:23,2025-09-18 15:40:00,2025-10-18 15:40:00,Renew Site,https://7rkd12.sharepoint.com/sites/CSD_RyanTest250301,ADB - SharePoint Site Renewal
Renewal task for Site test01 triggered due to workspace inactivity,Canceled,Adele Vance,AdeleV@7rkd12.onmicrosoft.com,2026-02-02 17:07:16,2025-09-17 16:51:27,2025-10-17 16:51:26,Renew Site,https://7rkd12.sharepoint.com/sites/CSD_test01,ADB - SharePoint Site Renewal
Renewal task for Site test01 triggered due to workspace inactivity,Canceled,Alex Wilber,AlexW@7rkd12.onmicrosoft.com,2026-02-02 17:07:16,2025-09-17 16:51:27,2025-10-17 16:51:26,Renew Site,https://7rkd12.sharepoint.com/sites/CSD_test01,ADB - SharePoint Site Renewal
Renewal task for Site UAT-Empty triggered due to workspace inactivity,Waiting for confirmation (Task escalated),Alex Wilber,AlexW@7rkd12.onmicrosoft.com,2025-10-30 19:10:48,2025-09-16 19:10:27,2025-10-16 19:10:26,Renew Site,https://7rkd12.sharepoint.com/sites/CSD_UAT-Empty,ADB - SharePoint Site Renewal
Scheduled renewal task for Security group Security group 1,Waiting for confirmation,Admin ADB,Admin@7rkd12.onmicrosoft.com,2025-09-03 20:53:19,2025-09-01 20:53:17,9999-12-31 23:59:59,Renew Security Group,,Group Renewal
Scheduled renewal task for Security group R&D,Waiting for confirmation,Admin ADB,Admin@7rkd12.onmicrosoft.com,2025-09-03 16:10:10,2025-09-01 16:10:02,9999-12-31 23:59:59,Renew Security Group,,Group Renewal
Scheduled renewal task for Site Test Title,Waiting for confirmation (Task escalated),Bonnie Test,BonnieTest@7rkd12.onmicrosoft.com,2025-08-13 02:56:14,2025-06-30 02:55:40,9999-12-31 23:59:59,Renew Site,https://7rkd12.sharepoint.com/sites/org_csd_asdfa,ADB - SharePoint Site Renewal
Scheduled renewal task for Guest User Bonnie(Admin1),Canceled,Admin ADB,Admin@7rkd12.onmicrosoft.com,2025-12-08 18:20:32,2025-06-11 18:20:33,2025-06-14 18:20:33,Renew Guest User,,DEV-Guest user renew profile
Scheduled renewal task for Site CSDSAMPLE,Canceled,Alex Wilber,AlexW@7rkd12.onmicrosoft.com,2026-03-06 17:29:32,2025-05-04 15:00:20,9999-12-31 23:59:59,Renew Site,https://7rkd12.sharepoint.com/teams/grp_csd_sample,ADB Renewal
Scheduled renewal task for Site test2,Canceled,Alex Wilber,AlexW@7rkd12.onmicrosoft.com,2026-08-10 10:33:25,2025-05-01 22:51:24,9999-12-31 23:59:59,Renew Site,https://7rkd12.sharepoint.com/teams/grp_csd_test2,ADB Renewal
Scheduled renewal task for Guest User test,Canceled,Admin ADB,Admin@7rkd12.onmicrosoft.com,2025-09-28 20:14:07,2025-04-01 20:14:06,2025-04-04 20:14:06,Renew Guest User,,DEV-Guest user renew profile
Renewal task for Site UATTEST1 triggered due to workspace inactivity,Canceled,Admin ADB,Admin@7rkd12.onmicrosoft.com,2025-04-28 15:30:37,2025-03-28 15:30:33,2025-04-28 15:30:32,Renew Site,https://7rkd12.sharepoint.com/sites/CSD_UATTEST1,ADB - SharePoint Site Renewal
Scheduled renewal task for Site UATTEST1,Canceled,Admin ADB,Admin@7rkd12.onmicrosoft.com,2025-03-28 15:30:28,2025-03-27 22:35:19,2025-04-27 22:35:18,Renew Site,https://7rkd12.sharepoint.com/sites/CSD_UATTEST1,ADB - SharePoint Site Renewal
Scheduled renewal task for Site DorisTEST,Completed,Admin ADB,Admin@7rkd12.onmicrosoft.com,2025-03-27 22:33:55,2025-03-27 22:33:01,2025-04-27 22:33:00,Renew Site,https://7rkd12.sharepoint.com/sites/CWRD_DorisTEST,ADB - SharePoint Site Renewal
Scheduled renewal task for Site IT Operations,Canceled,ADB DRM Guest,,2025-03-27 22:32:44,2025-03-27 22:28:11,2025-04-27 22:28:10,Renew Site,https://7rkd12.sharepoint.com/sites/CSD_ITOp_1,ADB - SharePoint Site Renewal
Scheduled renewal task for Guest User xfpeng,Canceled,Admin ADB,Admin@7rkd12.onmicrosoft.com,2025-09-22 16:27:38,2025-03-26 16:27:40,2025-03-29 16:27:40,Renew Guest User,,DEV-Guest user renew profile
Scheduled renewal task for Guest User Doris Han,Canceled,Admin ADB,Admin@7rkd12.onmicrosoft.com,2025-09-22 16:14:55,2025-03-26 16:14:57,2025-03-29 16:14:57,Renew Guest User,,DEV-Guest user renew profile
Renewal task for Site Collection SCDBonnieSC3 triggered due to workspace inactivity,Waiting for confirmation,Bonnie Test,BonnieTest@7rkd12.onmicrosoft.com,2025-01-29 17:37:25,2025-01-15 17:37:16,9999-12-31 23:59:59,Renew Site,https://7rkd12.sharepoint.com/sites/csd_000002,CSD Site Renewal
Renewal task for Site Collection CSD_DPM triggered due to workspace inactivity,Canceled,Bonnie Test,BonnieTest@7rkd12.onmicrosoft.com,2026-05-04 16:49:10,2025-01-07 11:39:15,9999-12-31 23:59:59,Renew Site,https://7rkd12.sharepoint.com/sites/csd_000008,CSD Site Renewal
Renewal task for Site Collection CSD_BonnieTest1223-1 triggered due to workspace inactivity,Canceled,Bonnie Test,BonnieTest@7rkd12.onmicrosoft.com,2026-05-04 16:49:34,2024-12-24 16:51:21,9999-12-31 23:59:59,Renew Site,https://7rkd12.sharepoint.com/sites/csd_000007,CSD Site Renewal
Renewal task for Site Collection SCD BonnisSC4 triggered due to workspace inactivity,Waiting for confirmation,Bonnie Test,BonnieTest@7rkd12.onmicrosoft.com,2024-12-28 16:59:54,2024-12-14 16:59:46,9999-12-31 23:59:59,Renew Site,https://7rkd12.sharepoint.com/sites/csd_000003,CSD Site Renewal
Renewal task for Site Collection CSD_Test Site 1 triggered due to workspace inactivity,Waiting for confirmation,Bonnie Test,BonnieTest@7rkd12.onmicrosoft.com,2024-12-20 18:52:07,2024-12-06 18:52:03,9999-12-31 23:59:59,Renew Site,https://7rkd12.sharepoint.com/sites/csd_000005,CSD Site Renewal
Renewal task for Site Collection CSD_TestSite2 triggered due to workspace inactivity,Waiting for confirmation,Bonnie Test,BonnieTest@7rkd12.onmicrosoft.com,2024-12-20 12:42:13,2024-12-06 12:42:08,9999-12-31 23:59:59,Renew Site,https://7rkd12.sharepoint.com/sites/csd_000006,CSD Site Renewal
Renewal task for Site Collection CSD_DT01 triggered due to workspace inactivity,Waiting for confirmation,Bonnie Test,BonnieTest@7rkd12.onmicrosoft.com,2024-12-18 15:31:34,2024-12-04 15:31:22,9999-12-31 23:59:59,Renew Site,https://7rkd12.sharepoint.com/sites/csd_000004,CSD Site Renewal
Renewal task for Site Collection SCDBonnie Test SC triggered due to workspace inactivity,Waiting for confirmation,Bonnie Test,BonnieTest@7rkd12.onmicrosoft.com,2024-12-14 18:23:43,2024-11-30 18:23:31,9999-12-31 23:59:59,Renew Site,https://7rkd12.sharepoint.com/sites/csd_000000,CSD Site Renewal
Scheduled renewal task for Site Collection SCDBonnieSC2,Canceled,Bonnie Test,BonnieTest@7rkd12.onmicrosoft.com,2024-12-19 17:47:22,2024-11-29 18:24:27,9999-12-31 23:59:59,Renew Site,https://7rkd12.sharepoint.com/sites/csd_000001,CSD Site Renewal
Renewal task for Site Collection SCD BonnisSC4 triggered due to workspace inactivity,Canceled,Bonnie Test,BonnieTest@7rkd12.onmicrosoft.com,2024-12-13 18:19:22,2024-11-29 18:19:18,2024-12-13 18:19:18,Renew Site,https://7rkd12.sharepoint.com/sites/csd_000003,CSD Site Renewal
Renewal task for Site Collection SCD BonnisSC4 triggered due to workspace inactivity,Canceled,Bonnie Test,BonnieTest@7rkd12.onmicrosoft.com,2024-11-29 18:07:21,2024-11-29 12:33:09,2024-12-13 12:33:09,Renew Site,https://7rkd12.sharepoint.com/sites/csd_000003,CSD Site Renewal
Renewal task for Site Collection SCDBonnieSC2 triggered due to workspace inactivity,Canceled,Bonnie Test,BonnieTest@7rkd12.onmicrosoft.com,2024-11-29 18:24:02,2024-11-29 12:33:08,2024-12-13 12:33:08,Renew Site,https://7rkd12.sharepoint.com/sites/csd_000001,CSD Site Renewal
Renewal task for Site Collection SCDBonnie Test SC triggered due to workspace inactivity,Canceled,Bonnie Test,BonnieTest@7rkd12.onmicrosoft.com,2024-11-29 18:23:21,2024-11-29 12:33:08,2024-12-13 12:33:08,Renew Site,https://7rkd12.sharepoint.com/sites/csd_000000,CSD Site Renewal
Scheduled renewal task for Site Collection SCDBonnie Test SC,Canceled,Bonnie Test,BonnieTest@7rkd12.onmicrosoft.com,2024-11-28 11:30:20,2024-11-28 03:42:07,2024-12-12 03:42:07,Renew Site,https://7rkd12.sharepoint.com/sites/csd_000000,CSD Site Renewal
Scheduled renewal task for Microsoft Team BonnieTeam1,Canceled,Bonnie Test,BonnieTest@7rkd12.onmicrosoft.com,2024-11-28 11:25:28,2024-11-27 21:32:20,2024-12-11 21:32:20,Renew Microsoft Team,https://7rkd12.sharepoint.com/sites/BonnieTeam1,Teams Renewal
Scheduled renewal task for Site Collection SCDBonnieSC2,Canceled,Admin ADB,Admin@7rkd12.onmicrosoft.com,2024-11-28 11:30:11,2024-11-27 21:32:17,2024-12-11 21:32:17,Renew Site,https://7rkd12.sharepoint.com/sites/csd_000001,CSD Site Renewal
Scheduled renewal task for Site Collection SCDBonnieSC2,Canceled,BonnieEndUser,BonnieEndUser@7rkd12.onmicrosoft.com,2024-11-28 11:30:11,2024-11-27 21:32:17,2024-12-11 21:32:17,Renew Site,https://7rkd12.sharepoint.com/sites/csd_000001,CSD Site Renewal
Scheduled renewal task for Site Collection SCDBonnieSC2,Canceled,Bonnie Test,BonnieTest@7rkd12.onmicrosoft.com,2024-11-28 11:30:11,2024-11-27 21:32:17,2024-12-11 21:32:17,Renew Site,https://7rkd12.sharepoint.com/sites/csd_000001,CSD Site Renewal
Scheduled renewal task for Microsoft Team BonnieTeam2,Canceled,Bonnie Test,BonnieTest@7rkd12.onmicrosoft.com,2024-11-28 11:30:36,2024-11-27 21:27:50,2024-12-11 21:27:51,Renew Microsoft Team,https://7rkd12.sharepoint.com/sites/BonnieTeam2,Teams Renewal
Scheduled renewal task for Site Collection SCDBonnieSC3,Canceled,Bonnie Test,BonnieTest@7rkd12.onmicrosoft.com,2024-11-28 11:30:01,2024-11-27 21:19:26,2024-12-11 21:19:27,Renew Site,https://7rkd12.sharepoint.com/sites/csd_000002,CSD Site Renewal
Scheduled renewal task for Site Collection SCD BonnisSC4,Canceled,Bonnie Test,BonnieTest@7rkd12.onmicrosoft.com,2024-11-28 10:56:08,2024-11-27 21:12:56,2024-12-11 21:12:56,Renew Site,https://7rkd12.sharepoint.com/sites/csd_000003,CSD Site Renewal
Shared Channel1,Canceled,Bonnie Test,BonnieTest@7rkd12.onmicrosoft.com,2024-11-28 11:25:27,2024-11-27 17:32:17,2024-12-11 17:32:17,Renew Shared Channel,https://7rkd12.sharepoint.com/sites/BonnieTeam1-SharedChannel1,Teams Renewal
Private Channel1,Canceled,Bonnie Test,BonnieTest@7rkd12.onmicrosoft.com,2024-11-28 11:25:27,2024-11-27 17:32:17,2024-12-11 17:32:17,Renew Private Channel,https://7rkd12.sharepoint.com/sites/BonnieTeam1-PrivateChannel1,Teams Renewal
IT Admin,Waiting for confirmation (Task overdue),Admin ADB,Admin@7rkd12.onmicrosoft.com,2024-11-30 17:19:06,2024-11-27 17:19:05,2024-11-30 17:19:05,Confirm Distribution Group Governance Details,,auto import group
Security group 1,Completed,Admin ADB,Admin@7rkd12.onmicrosoft.com,2024-10-04 17:25:54,2024-10-04 17:19:01,2024-10-07 17:19:01,Confirm Security Group Governance Details,,auto import group
R&D,Completed,Admin ADB,Admin@7rkd12.onmicrosoft.com,2024-10-04 17:25:53,2024-10-04 17:19:00,2024-10-07 17:19:00,Confirm Security Group Governance Details,,auto import group
GAOTEST,Completed,Admin ADB,Admin@7rkd12.onmicrosoft.com,2024-10-04 17:25:40,2024-10-04 17:19:00,2024-10-07 17:19:00,Confirm Security Group Governance Details,,auto import group
Scheduled renewal task for Guest User Doris Han,Submitted,Admin ADB,Admin@7rkd12.onmicrosoft.com,2024-10-04 10:41:04,2024-10-04 10:40:28,2024-10-07 10:40:28,Renew Guest User,,DEV-Guest user renew profile
Scheduled renewal task for Guest User test,Submitted,Admin ADB,Admin@7rkd12.onmicrosoft.com,2024-10-04 10:38:37,2024-10-03 20:06:19,2024-10-06 20:06:19,Renew Guest User,,DEV-Guest user renew profile
forms test on PRJ_072203 forms,Waiting for confirmation (Task overdue),MOD Administrator,admin@M365x080322.OnMicrosoft.com,2024-08-06 22:11:40,2024-08-05 22:09:41,2024-08-06 22:09:41,Confirm Power App Governance Details,https://apps.powerapps.com/play/e/Default-2f1efc02-ca52-4ef3-9699-4682eb699ffa/a/17d31dd7-9077-4339-bd43-c8235ce673bb?tenantId=2f1efc02-ca52-4ef3-9699-4682eb699ffa&hint=b522aa62-5414-45fd-95d8-3c4ce977379c&sourcetime=1722500742670,power app import
Microsoft 365 Usage Analytics,Waiting for confirmation (Task overdue),MOD Administrator (Inactive),admin@M365x080322.OnMicrosoft.com,2024-08-06 22:06:58,2024-08-05 22:05:06,2024-08-06 22:05:06,Confirm Power BI Workspace Governance Details,,power BI import
Asset Checkout,Waiting for confirmation (Task overdue),MOD Administrator,admin@M365x080322.OnMicrosoft.com,2024-08-05 22:11:39,2024-08-04 22:09:47,2024-08-05 22:09:47,Confirm Power App Governance Details,https://org11557506.crm5.dynamics.com/main.aspx?appid=2cf84d00-6195-ed11-aad0-00224818d40c,power app import
Fundraiser,Waiting for confirmation (Task overdue),MOD Administrator,admin@M365x080322.OnMicrosoft.com,2024-08-05 22:11:39,2024-08-04 22:09:47,2024-08-05 22:09:47,Confirm Power App Governance Details,https://org11557506.crm5.dynamics.com/main.aspx?appid=cd0e40af-6095-ed11-aad0-00224818d40c,power app import
Portal Management,Waiting for confirmation (Task overdue),MOD Administrator,admin@M365x080322.OnMicrosoft.com,2024-08-05 22:11:39,2024-08-04 22:09:47,2024-08-05 22:09:47,Confirm Power App Governance Details,https://org11557506.crm5.dynamics.com/main.aspx?appid=d52e4c7e-ad9f-ed11-aad1-00224818d40c,power app import
Innovation Challenge,Waiting for confirmation (Task overdue),MOD Administrator,admin@M365x080322.OnMicrosoft.com,2024-08-05 22:11:39,2024-08-04 22:09:47,2024-08-05 22:09:47,Confirm Power App Governance Details,https://org11557506.crm5.dynamics.com/main.aspx?appid=f33409da-6095-ed11-aad0-00224818d40c,power app import
SharePoint Provision,Waiting for confirmation (Task overdue),MOD Administrator (Inactive),admin@M365x080322.OnMicrosoft.com,2024-08-05 22:06:31,2024-08-04 22:04:38,2024-08-05 22:04:38,Confirm Power Automate Flow Governance Details,,power automate import
Project Flow Demo,Waiting for confirmation (Task overdue),MOD Administrator (Inactive),admin@M365x080322.OnMicrosoft.com,2024-08-05 22:06:31,2024-08-04 22:04:38,2024-08-05 22:04:38,Confirm Power Automate Flow Governance Details,,power automate import
Dynamic multi Approval flow Demo,Waiting for confirmation (Task overdue),MOD Administrator (Inactive),admin@M365x080322.OnMicrosoft.com,2024-08-05 22:06:31,2024-08-04 22:04:38,2024-08-05 22:04:38,Confirm Power Automate Flow Governance Details,,power automate import
Manager Approval flow Demo,Waiting for confirmation (Task overdue),MOD Administrator (Inactive),admin@M365x080322.OnMicrosoft.com,2024-08-05 22:06:31,2024-08-04 22:04:38,2024-08-05 22:04:38,Confirm Power Automate Flow Governance Details,,power automate import
Documents on subsiteshere forms,Waiting for confirmation (Task overdue),MOD Administrator,admin@M365x080322.OnMicrosoft.com,2024-06-03 22:11:41,2024-06-02 22:09:43,2024-06-03 22:09:43,Confirm Power App Governance Details,https://apps.powerapps.com/play/a7bc82ab-6a32-409d-a975-4487acca5a97?tenantId=2f1efc02-ca52-4ef3-9699-4682eb699ffa&hint=6d8a001d-59b0-41e6-9cdd-74c46f2a7bb5,power app import
Documents on GA forms,Waiting for confirmation (Task overdue),MOD Administrator,admin@M365x080322.OnMicrosoft.com,2024-06-03 22:11:41,2024-06-02 22:09:43,2024-06-03 22:09:43,Confirm Power App Governance Details,https://apps.powerapps.com/play/7c38350a-accd-4ce6-a472-8e7b8062b0b1?tenantId=2f1efc02-ca52-4ef3-9699-4682eb699ffa&hint=9c6a1586-0ef3-40ce-8690-c136e9829b8f,power app import
Scheduled renewal task for Power BI workspace Doris BI test1,Waiting for confirmation,MOD Administrator (Inactive),admin@M365x080322.OnMicrosoft.com,2024-06-04 22:52:16,2024-06-01 22:52:13,9999-12-31 23:59:59,Renew Power BI Workspace,,powerBI renewal
Scheduled renewal task for Power App GA test App,Waiting for confirmation,MOD Administrator (Inactive),admin@M365x080322.OnMicrosoft.com,2024-06-04 10:19:25,2024-06-01 10:19:11,9999-12-31 23:59:59,Renew Power App,https://apps.powerapps.com/play/e/Default-2f1efc02-ca52-4ef3-9699-4682eb699ffa/a/95c4033b-6ed7-4736-8f7f-ae326911004a?tenantId=2f1efc02-ca52-4ef3-9699-4682eb699ffa&hint=3bff6ac2-3ea0-4ddc-b1bc-137f6e996fdf&sourcetime=1695690536669,PowerAppRenew Profile
Scheduled renewal task for Power BI workspace tyGraph for Yammer,Waiting for confirmation,MOD Administrator (Inactive),admin@M365x080322.OnMicrosoft.com,2024-06-04 10:13:26,2024-06-01 10:13:22,9999-12-31 23:59:59,Renew Power BI Workspace,,powerBI renewal
Scheduled renewal task for Power Automate flow Send Attachment for Approval flow,Canceled,MOD Administrator (Inactive),admin@M365x080322.OnMicrosoft.com,2024-04-05 13:34:17,2024-04-01 16:23:53,9999-12-31 23:59:59,Renew Power Automate Flow,,powerautomate flow renewal
Scheduled renewal task for Power App D-SharePoint list App,Waiting for confirmation,MOD Administrator (Inactive),admin@M365x080322.OnMicrosoft.com,2024-03-28 22:44:24,2024-03-25 22:44:17,9999-12-31 23:59:59,Renew Power App,https://apps.powerapps.com/play/e/Default-2f1efc02-ca52-4ef3-9699-4682eb699ffa/a/5e5007ea-2dc0-44d0-9d32-0e6dc0a884c4?tenantId=2f1efc02-ca52-4ef3-9699-4682eb699ffa&hint=c55dd10b-3f1e-43e7-aa5b-9cf1e83dd02a,PowerAppRenew Profile
tyGraph for Yammer,Completed,MOD Administrator (Inactive),admin@M365x080322.OnMicrosoft.com,2024-03-26 10:03:18,2024-03-25 22:07:07,2024-03-26 22:07:07,Confirm Power BI Workspace Governance Details,,power BI import
Doris BI test1,Completed,MOD Administrator (Inactive),admin@M365x080322.OnMicrosoft.com,2024-03-25 22:42:12,2024-03-25 22:07:07,2024-03-26 22:07:07,Confirm Power BI Workspace Governance Details,,power BI import
D-SharePoint list App,Completed,MOD Administrator,admin@M365x080322.OnMicrosoft.com,2024-03-25 22:41:51,2024-03-25 22:05:41,2024-03-26 22:05:41,Confirm Power App Governance Details,https://apps.powerapps.com/play/e/Default-2f1efc02-ca52-4ef3-9699-4682eb699ffa/a/5e5007ea-2dc0-44d0-9d32-0e6dc0a884c4?tenantId=2f1efc02-ca52-4ef3-9699-4682eb699ffa&hint=c55dd10b-3f1e-43e7-aa5b-9cf1e83dd02a,power app import
GA test App,Completed,MOD Administrator,admin@M365x080322.OnMicrosoft.com,2024-03-25 22:42:17,2024-03-25 22:05:41,2024-03-26 22:05:41,Confirm Power App Governance Details,https://apps.powerapps.com/play/e/Default-2f1efc02-ca52-4ef3-9699-4682eb699ffa/a/95c4033b-6ed7-4736-8f7f-ae326911004a?tenantId=2f1efc02-ca52-4ef3-9699-4682eb699ffa&hint=3bff6ac2-3ea0-4ddc-b1bc-137f6e996fdf&sourcetime=1695690536669,power app import
Send Attachment for Approval flow,Completed,MOD Administrator (Inactive),admin@M365x080322.OnMicrosoft.com,2024-03-25 22:41:59,2024-03-25 22:04:42,2024-03-26 22:04:42,Confirm Power Automate Flow Governance Details,,power automate import
