Username,Email Address,Primary Business Owner,Primary Business Owner (Email Address),Secondary Business Owner,Secondary Business Owner (Email Address),Renewal Profile,Renewal Assignee,Renewal Assignee (Email Address),Renewal Start Time,Renewal Due Date,Next Renewal Date,Last Renewal Time,Last Renewed by,Last Renewed by (Email Address),Contact Election Profile,Invitation Accepted,Invited Time,Status,Last Guest Status Sync Time,Job Title,Department,Company name,Manager,Manager (Email Address),Allow External Sharing,Allow External Sharing-choice,Archiver,B-Department,B-Library name,B-Library Short Name,Business Need,Choose Project Site Template,Choose Site Template,Content Category,D- Change list setting,Delete Site,Department,Department22,Desired Outcomes,Division,DRM Department,EDRMS Site Type,External Company Name,External Sharing Allowed?,GALines,Key Risks and Considerations,Library name,Library Short Name,Manager,Manager (Email Address),Please provide business reasons for having site site.,Please Select a Library Type to Start the Library Creation Request,Please Select a Site Type to Start the Site Creation Request,Please select: Lock Site / Unlock Site,Procurement library,Project Owner,Project Owner (Email Address),Publish to Directory,Purpose of Use,Records Manager,Records Manager (Email Address),RefinableString00,Region,Remarks,Request Reason,Segment,Site Short Name,Site URL
Guest Test,hanyoyo784533@163.com,Admin ADB,Admin@7rkd12.onmicrosoft.com,,,DEV-Guest user renew profile,,,,,2026-09-28,,,,Guest user election profile-dev,Yes,2026-04-01 20:06:33,Active,2026-08-14 01:31:50,,,,,,,,,,,,,,,,,,,,,,,,,,,,,,,,,,,,,,,,,,,,,,,,,
xiangyu.liu,xiangyu.liu@avepoint.com,Admin ADB,Admin@7rkd12.onmicrosoft.com,,,DEV-Guest user renew profile,Admin ADB,Admin@7rkd12.onmicrosoft.com,2026-08-08 17:33:53,2026-08-11 17:34:03,2027-02-04,,,,Guest user election profile-dev,No,2026-02-09 17:23:50,Renewal overdue,2026-08-14 00:03:24,,,,,,,,,,,,,,,,,,,,,,,,,,,,,,,,,,,,,,,,,,,,,,,,,
Leah Bancale,Leah.Bancale@avepoint.com,Admin ADB,Admin@7rkd12.onmicrosoft.com,,,DEV-Guest user renew profile,Admin ADB,Admin@7rkd12.onmicrosoft.com,2026-07-19 23:10:34,2026-07-22 23:10:37,2027-01-15,,,,Guest user election profile-dev,Yes,2026-01-20 23:00:33,Renewal overdue,2026-08-13 17:17:50,,,,,,,,,,,,,,,,,,,,,,,,,,,,,,,,,,,,,,,,,,,,,,,,,
Qiaojun Lu,qiaojun.lu@avepoint.com,Admin ADB,Admin@7rkd12.onmicrosoft.com,,,DEV-Guest user renew profile,Admin ADB,Admin@7rkd12.onmicrosoft.com,2026-02-21 19:15:23,2026-02-24 19:15:27,2026-08-20,,,,Guest user election profile-dev,Yes,2025-08-25 19:05:20,Renewal overdue,2026-08-13 22:26:34,,,,,,,,,,,,,,,,,,,,,,,,,,,,,,,,,,,,,,,,,,,,,,,,,
xiangyu.liu,xiangyu.liu@avpeoint.com,Admin ADB,Admin@7rkd12.onmicrosoft.com,,,DEV-Guest user renew profile,Admin ADB,Admin@7rkd12.onmicrosoft.com,2026-05-25 10:49:31,2026-05-28 10:49:37,2026-11-21,,,,Guest user election profile-dev,No,2025-05-30 10:39:29,Renewal overdue,2026-08-13 20:12:55,,,,,,,,,,,,,,,,,,,,,,,,,,,,,,,,,,,,,,,,,,,,,,,,,
Bonnie(Admin1),bonnie@l05l.onmicrosoft.com,Admin ADB,Admin@7rkd12.onmicrosoft.com,,,DEV-Guest user renew profile,Admin ADB,Admin@7rkd12.onmicrosoft.com,2026-06-06 18:20:33,2026-06-09 18:20:38,2026-12-03,,,,Guest user election profile-dev,Yes,2024-12-13 18:10:31,Renewal overdue,2026-08-13 20:06:06,,,,,,,,,,,,,,,,,,,,,,,,,,,,,,,,,,,,,,,,,,,,,,,,,
xfpeng,xfpeng@wx1ph.onmicrosoft.com,Admin ADB,Admin@7rkd12.onmicrosoft.com,,,DEV-Guest user renew profile,Admin ADB,Admin@7rkd12.onmicrosoft.com,2026-03-21 16:27:43,2026-03-24 16:27:49,2026-09-17,,,,Guest user election profile-dev,No,2024-09-27 16:17:38,Renewal overdue,2026-08-13 20:54:33,,,,,,,,,,,,,,,,,,,,,,,,,,,,,,,,,,,,,,,,,,,,,,,,,
Doris Han,doris.han@avepoint.com,Admin ADB,Admin@7rkd12.onmicrosoft.com,,,DEV-Guest user renew profile,Admin ADB,Admin@7rkd12.onmicrosoft.com,2026-03-21 16:14:56,2026-03-24 16:15:00,2026-09-17,2024-10-04 10:41:06,Admin ADB,Admin@7rkd12.onmicrosoft.com,Guest user election profile-dev,Yes,2024-09-27 16:04:54,Renewal overdue,2026-08-14 14:32:15,,,,,,,,,,,,,,,,,,,,,,,,,,,,,,,,,,,,,,,,,,,,,,,,,
test,test@test.com,Admin ADB,Admin@7rkd12.onmicrosoft.com,,,DEV-Guest user renew profile,Admin ADB,Admin@7rkd12.onmicrosoft.com,2026-03-27 20:14:06,2026-03-30 20:14:09,2026-09-23,2024-10-04 10:38:41,Admin ADB,Admin@7rkd12.onmicrosoft.com,,No,2024-10-03 20:04:05,Renewal overdue,2026-08-13 20:31:00,,,test,,,,,,,,,,,,,,,,,,,,,,,,,,,,,,,,,,,,,,,,,,,,,,
